owner	field	type	class	reads	writes	evidence
ActualLogger	aggregateLogs	bool	VALUE	3	1	primitive
ActualLogger	aggregationFlushLock	object	VALUE	2	1	primitive
ActualLogger	alwaysAppendMachineName	bool	VALUE	1	1	primitive
ActualLogger	cancellationToken	CancellationTokenSource	UNKNOWN	2	1	static: `CancellationTokenSource` not classified
ActualLogger	entries	LogEntry>	UNKNOWN	3	2	static: `LogEntry>` not classified
ActualLogger	innerLock	object	VALUE	3	1	primitive
ActualLogger	lastLoggedEntry	LogEntry	UNKNOWN	3	1	static: `LogEntry` not classified
ActualLogger	logAggregatorTimer	Timer	UNKNOWN	2	2	static: `Timer` not classified
ActualLogger	logSourcesMap	LogSourcesMap	SHARED	3	1	static: 1 writes, 3 reads
ActualLogger	loggingThread	Thread	UNKNOWN	5	2	static: `Thread` not classified
ActualLogger	nextNameId	int	VALUE	1	1	primitive
ActualLogger	repeatLogEntryCount	int	VALUE	3	2	primitive
ActualLogger	stopThread	bool	VALUE	1	1	primitive
ActualLogger	useSynchronousLogging	bool	VALUE	2	1	primitive
AlarmConfig	day	int	VALUE	1	2	primitive
AlarmConfig	daysMask	bool	VALUE	1	2	primitive
AlarmConfig	enable	bool	VALUE	1	2	primitive
AlarmConfig	flag	bool	VALUE	1	3	primitive
AlarmConfig	hour	int	VALUE	1	2	primitive
AlarmConfig	hoursMask	bool	VALUE	1	2	primitive
AlarmConfig	interruptEnable	bool	VALUE	1	2	primitive
AlarmConfig	masterTimer	TimerConfig	SHARED	4	1	static: 1 writes, 4 reads
AlarmConfig	minute	int	VALUE	1	2	primitive
AlarmConfig	minutesMask	bool	VALUE	1	2	primitive
AlarmConfig	parent	STM32F4_RTC	SHARED	7	1	static: 1 writes, 7 reads
AlarmConfig	pm	bool	VALUE	1	2	primitive
AlarmConfig	second	int	VALUE	1	2	primitive
AlarmConfig	secondsMask	bool	VALUE	1	2	primitive
AlarmConfig	subsecond	int	VALUE	1	2	primitive
AlarmConfig	subsecondsMask	uint	VALUE	1	2	primitive
BackendSourceIdPair	Backend	ILoggerBackend	BACKREF	1	1	static: interface-typed, implementation outside cut
BackendSourceIdPair	SourceId	int	VALUE	0	1	primitive
BackendState	LogLevel	LogLevel	UNKNOWN	2	1	static: `LogLevel` not classified
BackendState	PeripheralsCustomLogLevel	LogLevel>>	UNKNOWN	4	1	static: `LogLevel>>` not classified
BaseClockSource	clockEntries	ClockEntry>	UNKNOWN	30	1	static: `ClockEntry>` not classified
BaseClockSource	clockEntriesUpdateHandlers	UpdateHandlerDelegate>	UNKNOWN	8	1	static: `UpdateHandlerDelegate>` not classified
BaseClockSource	elapsed	TimeInterval	VALUE	3	3	enum or struct -- copied, not referenced
BaseClockSource	nearestLimitIn	TimeInterval	VALUE	8	3	enum or struct -- copied, not referenced
BaseClockSource	reupdateNeeded	ThreadLocal	UNKNOWN	3	1	static: `ThreadLocal` not classified
BaseClockSource	skipAdvancesHigherThanNearestLimit	bool	VALUE	2	1	primitive
BaseClockSource	sync	object	VALUE	14	1	primitive
BaseClockSource	toNotify	Action>	VALUE	3	1	static: maps to Vec<Option<Box<dyn FnMut()>>>
BaseClockSource	totalElapsed	TimeInterval	VALUE	1	1	enum or struct -- copied, not referenced
BaseClockSource	unaccountedTimes	TimeInterval>	UNKNOWN	10	1	static: `TimeInterval>` not classified
BaseClockSource	updateAlreadyInProgress	ThreadLocal	UNKNOWN	7	1	static: `ThreadLocal` not classified
BaseGPIOPort	NumberOfConnections	int	VALUE	2	1	primitive
BaseGPIOPort	State	bool	VALUE	9	1	primitive
BaseGPIOPort	machine	IMachine	SHARED	6	1	static: 1 writes, 6 reads
BaseRegisterCollection	afterReadHooks	Func	CALLBACK	5	1	delegate slot -- Option<Box<dyn FnMut>>
BaseRegisterCollection	afterWriteHooks	Action	CALLBACK	5	1	delegate slot -- Option<Box<dyn FnMut>>
BaseRegisterCollection	beforeReadHooks	Func	CALLBACK	5	1	delegate slot -- Option<Box<dyn FnMut>>
BaseRegisterCollection	beforeWriteHooks	Func	CALLBACK	5	1	delegate slot -- Option<Box<dyn FnMut>>
BaseRegisterCollection	parent	IPeripheral	SHARED	4	1	static: 1 writes, 4 reads
BaseRegisterCollection	registers	RegisterSelector	SHARED	10	1	static: 1 writes, 10 reads
BasicBytePeripheral	machine	IMachine	SHARED	0	1	static: 1 writes, 0 reads
BasicBytePeripheral	sysbus	IBusController	SHARED	0	1	static: 1 writes, 0 reads
BasicDoubleWordPeripheral	machine	IMachine	SHARED	5	1	static: 1 writes, 5 reads
BasicDoubleWordPeripheral	mapper	RegisterMapper	ARENA	1	1	the bank's offset mapping; elided
BasicDoubleWordPeripheral	sysbus	IBusController	SHARED	0	1	static: 1 writes, 0 reads
BitBanding	peripheralBase	ulong	VALUE	1	1	primitive
BitBanding	sysbus	IBusController	SHARED	9	1	static: 1 writes, 9 reads
BitConcatenator	bs	BitStream	UNKNOWN	3	0	static: `BitStream` not classified
BitConcatenator	maxHeight	int	VALUE	2	1	primitive
BitTimingRegister	LoopbackMode	bool	VALUE	2	1	primitive
BitTimingRegister	RegValue	uint	VALUE	1	1	primitive
BitTimingRegister	SilentMode	bool	VALUE	1	1	primitive
CANMessage	CAN_RDTR	uint	VALUE	4	2	primitive
CANMessage	CAN_RHR	uint	VALUE	3	6	primitive
CANMessage	CAN_RIR	uint	VALUE	11	3	primitive
CANMessage	CAN_RLR	uint	VALUE	3	6	primitive
CANMessage	DLC	uint	VALUE	5	3	primitive
CANMessage	Data	byte	VALUE	12	3	primitive
CANMessage	EXID	uint	VALUE	3	2	primitive
CANMessage	FilterMatchIndex	uint	VALUE	1	2	primitive
CANMessage	IDE	uint	VALUE	3	2	primitive
CANMessage	RTR	uint	VALUE	3	2	primitive
CANMessage	RxFifo	uint	VALUE	4	2	primitive
CANMessage	STID	uint	VALUE	4	2	primitive
CANMessage	TimeStamp	uint	VALUE	1	2	primitive
CaptureCompareChannel	CapturedValue	uint	VALUE	1	1	primitive
CaptureCompareChannel	CompareMode	OutputCompareMode>	UNKNOWN	4	0	static: `OutputCompareMode>` not classified
CaptureCompareChannel	ComplementaryPolarity	IFlagRegisterField	ARENA	5	0	register handle -- D2 makes it a typed arena index
CaptureCompareChannel	Connection	GPIO	SHARED	24	1	static: 1 writes, 24 reads
CaptureCompareChannel	EdgeCounter	int	VALUE	1	3	primitive
CaptureCompareChannel	Index	int	VALUE	1	1	primitive
CaptureCompareChannel	InterruptEnable	bool	VALUE	7	2	primitive
CaptureCompareChannel	InterruptFlag	bool	VALUE	6	4	primitive
CaptureCompareChannel	Mode	CaptureCompareSelection	VALUE	8	2	enum or struct -- copied, not referenced
CaptureCompareChannel	OutputEnable	bool	VALUE	5	2	primitive
CaptureCompareChannel	OvercaptureFlag	IFlagRegisterField	ARENA	5	0	register handle -- D2 makes it a typed arena index
CaptureCompareChannel	Polarity	IFlagRegisterField	ARENA	6	0	register handle -- D2 makes it a typed arena index
CaptureCompareChannel	Prescaler	InputPrescaler>	UNKNOWN	2	0	static: `InputPrescaler>` not classified
CaptureCompareChannel	Signal	bool	VALUE	1	2	primitive
CaptureCompareChannel	Timer	LimitTimer	UNKNOWN	16	1	static: `LimitTimer` not classified
CaptureCompareChannel	parent	STM32_Timer	SHARED	7	1	static: 1 writes, 7 reads
ClockEntry	Value	ulong	VALUE	5	6	primitive
ClockEntry	ValueResiduum	Fraction	UNKNOWN	5	6	static: `Fraction` not classified
CombinedInput	inputStates	bool	VALUE	6	1	primitive
ContextState	AttributionSecure	bool	VALUE	1	1	primitive
ContextState	CpuSecure	bool	VALUE	1	1	primitive
ContextState	Privileged	bool	VALUE	1	1	primitive
CortexM	GetRegisterValue32NonSecure	Func	CALLBACK	5	0	delegate slot -- Option<Box<dyn FnMut>>
CortexM	GetRegisterValue64	Func	CALLBACK	0	0	delegate slot -- Option<Box<dyn FnMut>>
CortexM	SetRegisterValue32NonSecure	Action	CALLBACK	5	0	delegate slot -- Option<Box<dyn FnMut>>
CortexM	SetRegisterValue64	Action	CALLBACK	0	0	delegate slot -- Option<Box<dyn FnMut>>
CortexM	idau	CortexMImplementationDefinedAttributionUnit	UNKNOWN	2	1	static: `CortexMImplementationDefinedAttributionUnit` not classified
CortexM	nvic	NVIC	SHARED	8	1	static: 1 writes, 8 reads
CortexM	pcNotInitialized	bool	VALUE	1	2	primitive
CortexM	tlibDoLazyFloatingPointStatePreservation	Action	CALLBACK	1	0	delegate slot -- Option<Box<dyn FnMut>>
CortexM	tlibEnableMpu	Action	CALLBACK	1	0	delegate slot -- Option<Box<dyn FnMut>>
CortexM	tlibGetFaultStatus	Func	CALLBACK	2	0	delegate slot -- Option<Box<dyn FnMut>>
CortexM	tlibGetFaultmask	Func	CALLBACK	1	0	delegate slot -- Option<Box<dyn FnMut>>
CortexM	tlibGetIdauEnabled	Func	CALLBACK	1	0	delegate slot -- Option<Box<dyn FnMut>>
CortexM	tlibGetIdauRegionBaseAddressRegister	Func	CALLBACK	1	0	delegate slot -- Option<Box<dyn FnMut>>
CortexM	tlibGetIdauRegionLimitAddressRegister	Func	CALLBACK	1	0	delegate slot -- Option<Box<dyn FnMut>>
CortexM	tlibGetInterruptVectorBase	Func	CALLBACK	2	0	delegate slot -- Option<Box<dyn FnMut>>
CortexM	tlibGetMemoryFaultAddress	Func	CALLBACK	2	0	delegate slot -- Option<Box<dyn FnMut>>
CortexM	tlibGetMpuRegionBaseAddress	Func	CALLBACK	1	0	delegate slot -- Option<Box<dyn FnMut>>
CortexM	tlibGetMpuRegionNumber	Func	CALLBACK	1	0	delegate slot -- Option<Box<dyn FnMut>>
CortexM	tlibGetMpuRegionSizeAndEnable	Func	CALLBACK	1	0	delegate slot -- Option<Box<dyn FnMut>>
CortexM	tlibGetNumberOfIdauRegions	Func	CALLBACK	1	0	delegate slot -- Option<Box<dyn FnMut>>
CortexM	tlibGetNumberOfSauRegions	Func	CALLBACK	1	0	delegate slot -- Option<Box<dyn FnMut>>
CortexM	tlibGetPmsav8Ctrl	Func	CALLBACK	2	0	delegate slot -- Option<Box<dyn FnMut>>
CortexM	tlibGetPmsav8Mair	Func	CALLBACK	4	0	delegate slot -- Option<Box<dyn FnMut>>
CortexM	tlibGetPmsav8Rbar	Func	CALLBACK	8	0	delegate slot -- Option<Box<dyn FnMut>>
CortexM	tlibGetPmsav8Rlar	Func	CALLBACK	8	0	delegate slot -- Option<Box<dyn FnMut>>
CortexM	tlibGetPmsav8Rnr	Func	CALLBACK	2	0	delegate slot -- Option<Box<dyn FnMut>>
CortexM	tlibGetPrimask	Func	CALLBACK	1	0	delegate slot -- Option<Box<dyn FnMut>>
CortexM	tlibGetSauControl	Func	CALLBACK	1	0	delegate slot -- Option<Box<dyn FnMut>>
CortexM	tlibGetSauRegionBaseAddress	Func	CALLBACK	1	0	delegate slot -- Option<Box<dyn FnMut>>
CortexM	tlibGetSauRegionLimitAddress	Func	CALLBACK	1	0	delegate slot -- Option<Box<dyn FnMut>>
CortexM	tlibGetSauRegionNumber	Func	CALLBACK	1	0	delegate slot -- Option<Box<dyn FnMut>>
CortexM	tlibGetSecureFaultAddress	Func	CALLBACK	1	0	delegate slot -- Option<Box<dyn FnMut>>
CortexM	tlibGetSecureFaultStatus	Func	CALLBACK	1	0	delegate slot -- Option<Box<dyn FnMut>>
CortexM	tlibGetSecurityState	Func	CALLBACK	1	0	delegate slot -- Option<Box<dyn FnMut>>
CortexM	tlibGetXpsr	Func	CALLBACK	1	0	delegate slot -- Option<Box<dyn FnMut>>
CortexM	tlibIsMpuEnabled	Func	CALLBACK	1	0	delegate slot -- Option<Box<dyn FnMut>>
CortexM	tlibIsV8	Func	CALLBACK	1	0	delegate slot -- Option<Box<dyn FnMut>>
CortexM	tlibSetCustomIdauHandlerEnabled	Action	CALLBACK	2	0	delegate slot -- Option<Box<dyn FnMut>>
CortexM	tlibSetFaultStatus	Action	CALLBACK	2	0	delegate slot -- Option<Box<dyn FnMut>>
CortexM	tlibSetFpuInterruptNumber	Action	CALLBACK	1	0	delegate slot -- Option<Box<dyn FnMut>>
CortexM	tlibSetIdauEnabled	Action	CALLBACK	1	0	delegate slot -- Option<Box<dyn FnMut>>
CortexM	tlibSetIdauRegionBaseAddressRegister	Action	CALLBACK	1	0	delegate slot -- Option<Box<dyn FnMut>>
CortexM	tlibSetIdauRegionLimitAddressRegister	Action	CALLBACK	1	0	delegate slot -- Option<Box<dyn FnMut>>
CortexM	tlibSetInterruptVectorBase	Action	CALLBACK	2	0	delegate slot -- Option<Box<dyn FnMut>>
CortexM	tlibSetMpuRegionBaseAddress	Action	CALLBACK	1	0	delegate slot -- Option<Box<dyn FnMut>>
CortexM	tlibSetMpuRegionNumber	Action	CALLBACK	1	0	delegate slot -- Option<Box<dyn FnMut>>
CortexM	tlibSetMpuRegionSizeAndEnable	Action	CALLBACK	1	0	delegate slot -- Option<Box<dyn FnMut>>
CortexM	tlibSetNumberOfIdauRegions	Action	CALLBACK	1	0	delegate slot -- Option<Box<dyn FnMut>>
CortexM	tlibSetNumberOfSauRegions	Action	CALLBACK	1	0	delegate slot -- Option<Box<dyn FnMut>>
CortexM	tlibSetPmsav8Ctrl	Action	CALLBACK	2	0	delegate slot -- Option<Box<dyn FnMut>>
CortexM	tlibSetPmsav8Mair	Action	CALLBACK	4	0	delegate slot -- Option<Box<dyn FnMut>>
CortexM	tlibSetPmsav8Rbar	Action	CALLBACK	8	0	delegate slot -- Option<Box<dyn FnMut>>
CortexM	tlibSetPmsav8Rlar	Action	CALLBACK	8	0	delegate slot -- Option<Box<dyn FnMut>>
CortexM	tlibSetPmsav8Rnr	Action	CALLBACK	2	0	delegate slot -- Option<Box<dyn FnMut>>
CortexM	tlibSetSauControl	Action	CALLBACK	1	0	delegate slot -- Option<Box<dyn FnMut>>
CortexM	tlibSetSauRegionBaseAddress	Action	CALLBACK	1	0	delegate slot -- Option<Box<dyn FnMut>>
CortexM	tlibSetSauRegionLimitAddress	Action	CALLBACK	1	0	delegate slot -- Option<Box<dyn FnMut>>
CortexM	tlibSetSauRegionNumber	Action	CALLBACK	1	0	delegate slot -- Option<Box<dyn FnMut>>
CortexM	tlibSetSecureFaultStatus	Action	CALLBACK	1	0	delegate slot -- Option<Box<dyn FnMut>>
CortexM	tlibSetSecurityState	Action	CALLBACK	2	0	delegate slot -- Option<Box<dyn FnMut>>
CortexM	tlibSetSleepOnExceptionExit	Action	CALLBACK	1	0	delegate slot -- Option<Box<dyn FnMut>>
CortexM	tlibToggleFpu	Action	CALLBACK	1	0	delegate slot -- Option<Box<dyn FnMut>>
CortexM	tlibTryAddImplementationDefinedExemptionRegion	Func	CALLBACK	1	0	delegate slot -- Option<Box<dyn FnMut>>
CortexM	tlibTryRemoveImplementationDefinedExemptionRegion	Func	CALLBACK	1	0	delegate slot -- Option<Box<dyn FnMut>>
CortexM	vtorInitialized	bool	VALUE	1	3	primitive
DeviceRegisters	CAN_BTR	BitTimingRegister	BACKREF	6	0	static: never written, 6 reads
DeviceRegisters	CAN_ESR	ErrorStatusRegister	BACKREF	8	0	static: never written, 8 reads
DeviceRegisters	CAN_FA1R	FilterActiveRegister	SHARED	6	1	static: 1 writes, 6 reads
DeviceRegisters	CAN_FFA1R	FifoAssignmentRegister	SHARED	5	1	static: 1 writes, 5 reads
DeviceRegisters	CAN_FM1R	FilterModeRegister	SHARED	5	1	static: 1 writes, 5 reads
DeviceRegisters	CAN_FMR	FilterMasterRegister	SHARED	9	1	static: 1 writes, 9 reads
DeviceRegisters	CAN_FS1R	FilterScaleRegister	SHARED	5	1	static: 1 writes, 5 reads
DeviceRegisters	CAN_FiRx	uint	VALUE	0	0	primitive
DeviceRegisters	CAN_IER	InterruptEnableRegister	BACKREF	17	0	static: never written, 17 reads
DeviceRegisters	CAN_MCR	MasterControlRegister	BACKREF	12	0	static: never written, 12 reads
DeviceRegisters	CAN_MSR	MasterStatusRegister	BACKREF	17	0	static: never written, 17 reads
DeviceRegisters	CAN_RFR	ReceiveFifoRegister	BACKREF	30	0	static: never written, 30 reads
DeviceRegisters	CAN_TDH0R	uint	VALUE	2	1	primitive
DeviceRegisters	CAN_TDH1R	uint	VALUE	2	1	primitive
DeviceRegisters	CAN_TDH2R	uint	VALUE	2	1	primitive
DeviceRegisters	CAN_TDL0R	uint	VALUE	2	1	primitive
DeviceRegisters	CAN_TDL1R	uint	VALUE	2	1	primitive
DeviceRegisters	CAN_TDL2R	uint	VALUE	2	1	primitive
DeviceRegisters	CAN_TDT0R	uint	VALUE	2	1	primitive
DeviceRegisters	CAN_TDT1R	uint	VALUE	2	1	primitive
DeviceRegisters	CAN_TDT2R	uint	VALUE	2	1	primitive
DeviceRegisters	CAN_TI0R	MailboxIdentifierRegister	BACKREF	4	0	static: never written, 4 reads
DeviceRegisters	CAN_TI1R	MailboxIdentifierRegister	BACKREF	4	0	static: never written, 4 reads
DeviceRegisters	CAN_TI2R	MailboxIdentifierRegister	BACKREF	4	0	static: never written, 4 reads
DeviceRegisters	CAN_TSR	TransmitStatusRegister	BACKREF	7	0	static: never written, 7 reads
DumpedField	Name	string	VALUE	1	2	primitive
DumpedField	Position	int	VALUE	4	2	primitive
DumpedField	Value	string	VALUE	1	2	primitive
DumpedField	ValueIsReliable	bool	VALUE	1	2	primitive
DumpedField	Width	int	VALUE	2	2	primitive
ErrorStatusRegister	BusOffFlag	bool	VALUE	2	1	primitive
ErrorStatusRegister	ErrorPassiveFlag	bool	VALUE	2	1	primitive
ErrorStatusRegister	ErrorWarningFlag	bool	VALUE	2	1	primitive
ErrorStatusRegister	LastErrorCode	uint	VALUE	3	3	primitive
ErrorStatusRegister	ReceiveErrorCounter	uint	VALUE	1	2	primitive
ErrorStatusRegister	TransmitErrorCounter	uint	VALUE	1	2	primitive
ExceptionSimpleArray	container	T	UNKNOWN	6	1	static: `T` not classified
ExternalIDAURequest	AccessType	int	VALUE	1	0	primitive
ExternalIDAURequest	AccessWidth	int	VALUE	1	0	primitive
ExternalIDAURequest	Address	uint	VALUE	1	0	primitive
ExternalIDAURequest	Secure	int	VALUE	1	0	primitive
FifoAssignmentRegister	RegValue	uint	VALUE	2	1	primitive
Filter	EXID	uint	VALUE	4	5	primitive
Filter	EXIDMask	uint	VALUE	4	5	primitive
Filter	IDE	uint	VALUE	4	5	primitive
Filter	RTR	uint	VALUE	4	5	primitive
Filter	STID	uint	VALUE	7	5	primitive
FilterActiveRegister	RegValue	uint	VALUE	2	1	primitive
FilterBank	Active	bool	VALUE	1	3	primitive
FilterBank	BelongsToMaster	bool	VALUE	1	2	primitive
FilterBank	FR	uint	VALUE	22	0	primitive
FilterBank	FifoAssignment	uint	VALUE	3	3	primitive
FilterBank	FirstFilterNumber	uint	VALUE	3	1	primitive
FilterBank	Mode	FilterBankMode	VALUE	4	3	enum or struct -- copied, not referenced
FilterBank	Scale	FilterBankScale	VALUE	5	3	enum or struct -- copied, not referenced
FilterMasterRegister	CAN2StartBank	uint	VALUE	2	1	primitive
FilterMasterRegister	FilterInitMode	bool	VALUE	5	1	primitive
FilterMasterRegister	Reserved1	uint	VALUE	1	1	primitive
FilterMasterRegister	Reserved2	uint	VALUE	1	1	primitive
FilterModeRegister	RegValue	uint	VALUE	2	1	primitive
FilterScaleRegister	RegValue	uint	VALUE	2	1	primitive
Fragment	Length	int	VALUE	7	2	primitive
Fragment	Name	string	VALUE	0	2	primitive
Fragment	Offset	int	VALUE	10	2	primitive
Fragment	RawValue	ulong	VALUE	1	1	primitive
Fragment	ValueProvider	Func	CALLBACK	2	1	delegate slot -- Option<Box<dyn FnMut>>
GPIO	state	bool	VALUE	4	1	primitive
GPIO	stateChangedHook	Action	CALLBACK	1	4	delegate slot -- Option<Box<dyn FnMut>>
GPIO	sync	object	VALUE	8	1	primitive
GPIO	targets	GPIOEndpoint>	UNKNOWN	9	1	static: `GPIOEndpoint>` not classified
GPIOAlternateFunction	activeFunction	int	VALUE	2	1	primitive
GPIOAlternateFunction	pin	int	VALUE	2	1	primitive
GPIOAlternateFunction	port	STM32_GPIOPort	SHARED	4	1	static: 1 writes, 4 reads
InternalReceiver	parent	STM32_SYSCFG	SHARED	4	1	static: 1 writes, 4 reads
InternalReceiver	portNumber	int	VALUE	3	1	primitive
InternalReceiver	state	bool	VALUE	2	1	primitive
InterruptEnableRegister	BOFInterruptEnabled	bool	VALUE	2	1	primitive
InterruptEnableRegister	EPVInterruptEnabled	bool	VALUE	2	1	primitive
InterruptEnableRegister	ERRInterruptEnabled	bool	VALUE	2	1	primitive
InterruptEnableRegister	EWGInterruptEnabled	bool	VALUE	2	1	primitive
InterruptEnableRegister	FF0InterruptEnabled	bool	VALUE	2	1	primitive
InterruptEnableRegister	FF1InterruptEnabled	bool	VALUE	2	1	primitive
InterruptEnableRegister	FMP0InterruptEnabled	bool	VALUE	2	1	primitive
InterruptEnableRegister	FMP1InterruptEnabled	bool	VALUE	2	1	primitive
InterruptEnableRegister	FOV0InterruptEnabled	bool	VALUE	2	1	primitive
InterruptEnableRegister	FOV1InterruptEnabled	bool	VALUE	2	1	primitive
InterruptEnableRegister	LECInterruptEnabled	bool	VALUE	2	1	primitive
InterruptEnableRegister	SLKInterruptEnabled	bool	VALUE	2	1	primitive
InterruptEnableRegister	TMEInterruptEnabled	bool	VALUE	2	1	primitive
InterruptEnableRegister	WKUInterruptEnabled	bool	VALUE	2	1	primitive
LazyHexString	collection	IEnumerable	BACKREF	1	1	static: interface-typed, implementation outside cut
LazyString	collection	IEnumerable	BACKREF	1	1	static: interface-typed, implementation outside cut
LogSourcesMap	idToObjectMap	WeakWrapper	UNKNOWN	2	1	static: `WeakWrapper` not classified
LogSourcesMap	objectToIdMap	WeakWrapper	UNKNOWN	2	1	static: `WeakWrapper` not classified
MailboxIdentifierRegister	RegValue	uint	VALUE	1	1	primitive
MappedMemory	delayedInvalidation	bool	VALUE	1	2	primitive
MappedMemory	describedSegments	IMappedSegment	BACKREF	5	1	static: interface-typed, implementation outside cut
MappedMemory	disposed	bool	VALUE	1	1	primitive
MappedMemory	emptyCtorUsed	bool	VALUE	1	1	primitive
MappedMemory	machine	IMachine	SHARED	3	1	static: 1 writes, 3 reads
MappedMemory	originalPointers	nint	UNKNOWN	3	1	static: `nint` not classified
MappedMemory	registrationPointsCached	List	VALUE	2	1	static: maps to Vec<i64>
MappedMemory	segments	nint	UNKNOWN	39	1	static: `nint` not classified
MappedMemory	sharedMemoryFileRoot	string	VALUE	2	1	primitive
MappedMemory	sharedSegments	SharedSegment	SHARED	12	1	static: 1 writes, 12 reads
MappedMemory	size	long	VALUE	26	2	primitive
MappedSegment	index	int	VALUE	3	1	primitive
MappedSegment	parent	MappedMemory	SHARED	3	1	static: 1 writes, 3 reads
MappedSegment	size	uint	VALUE	1	1	primitive
MasterControlRegister	AutoBusOffManagement	bool	VALUE	1	1	primitive
MasterControlRegister	AutoWakeUpMode	bool	VALUE	2	1	primitive
MasterControlRegister	DebugFreeze	bool	VALUE	1	1	primitive
MasterControlRegister	InitRequest	bool	VALUE	3	1	primitive
MasterControlRegister	NoAutoRetransmission	bool	VALUE	1	1	primitive
MasterControlRegister	Reset	bool	VALUE	1	1	primitive
MasterControlRegister	RxFifoLockedMode	bool	VALUE	2	1	primitive
MasterControlRegister	SleepRequest	bool	VALUE	4	2	primitive
MasterControlRegister	TimeTriggeredComMode	bool	VALUE	1	1	primitive
MasterControlRegister	TxFifoPriority	bool	VALUE	1	1	primitive
MasterStatusRegister	ErrorInterrupt	bool	VALUE	2	2	primitive
MasterStatusRegister	InitAck	bool	VALUE	3	4	primitive
MasterStatusRegister	LastSamplePoint	bool	VALUE	1	1	primitive
MasterStatusRegister	RxMode	bool	VALUE	1	1	primitive
MasterStatusRegister	RxSignal	bool	VALUE	1	1	primitive
MasterStatusRegister	SleepAck	bool	VALUE	1	5	primitive
MasterStatusRegister	SleepAckInterrupt	bool	VALUE	2	3	primitive
MasterStatusRegister	TxMode	bool	VALUE	1	1	primitive
MasterStatusRegister	WakeupInterrupt	bool	VALUE	2	3	primitive
NVIC	activeIRQs	Stack	UNKNOWN	7	1	static: `Stack` not classified
NVIC	basepri	SecurityBanked	SHARED	8	1	static: 1 writes, 8 reads
NVIC	binaryPointPosition	SecurityBanked	SHARED	4	1	static: 1 writes, 4 reads
NVIC	canResetOnlyFromSecure	bool	VALUE	2	2	primitive
NVIC	ccr	SecurityBanked	SHARED	3	1	static: 1 writes, 3 reads
NVIC	cpu	CortexM	SHARED	131	1	static: 1 writes, 131 reads
NVIC	cpuId	uint	VALUE	1	1	primitive
NVIC	currentSevOnPending	SecurityBanked	SHARED	5	1	static: 1 writes, 5 reads
NVIC	deepSleepOnlyFromSecure	bool	VALUE	3	2	primitive
NVIC	defaultHaltSystickOnDeepSleep	bool	VALUE	1	1	primitive
NVIC	irqs	IRQState>	BACKREF	43	1	static: interface-typed, implementation outside cut
NVIC	isNextAccessSecure	bool	VALUE	35	2	primitive
NVIC	machine	IMachine	SHARED	8	1	static: 1 writes, 8 reads
NVIC	mapper	RegisterMapper	ARENA	1	1	the bank's offset mapping; elided
NVIC	maskedInterruptPresent	bool	VALUE	1	3	primitive
NVIC	mpuControlRegister	uint	VALUE	2	2	primitive
NVIC	mpuVersion	MPUVersion	VALUE	3	1	enum or struct -- copied, not referenced
NVIC	pendingIRQs	ISet	BACKREF	6	1	static: interface-typed, implementation outside cut
NVIC	priorities	ExceptionSimpleArray	SHARED	14	1	static: 1 writes, 14 reads
NVIC	prioritizeSecureInterrupts	bool	VALUE	4	2	primitive
NVIC	priorityMask	byte	VALUE	3	1	primitive
NVIC	resetMachine	Action	CALLBACK	1	1	delegate slot -- Option<Box<dyn FnMut>>
NVIC	sleepOnExitEnabled	IFlagRegisterField	ARENA	1	0	register handle -- D2 makes it a typed arena index
NVIC	systick	SysTick>	UNKNOWN	26	1	static: `SysTick>` not classified
NVIC	targetInterruptSecurityState	InterruptTargetSecurityState	VALUE	8	1	enum or struct -- copied, not referenced
PeripheralRegister	UnderlyingShadowValue	ulong	VALUE	5	1	primitive
PeripheralRegister	UnderlyingValue	ulong	VALUE	34	2	primitive
PeripheralRegister	changeCallbacks	Action	CALLBACK	2	0	delegate slot -- Option<Box<dyn FnMut>>
PeripheralRegister	definedFieldsMask	ulong	VALUE	1	1	primitive
PeripheralRegister	parent	IPeripheral	SHARED	4	1	static: 1 writes, 4 reads
PeripheralRegister	readCallbacks	Action	CALLBACK	2	0	delegate slot -- Option<Box<dyn FnMut>>
PeripheralRegister	registerFields	RegisterField>	UNKNOWN	13	0	static: `RegisterField>` not classified
PeripheralRegister	resetValue	ulong	VALUE	2	1	primitive
PeripheralRegister	resettableMask	ulong	VALUE	2	1	primitive
PeripheralRegister	shadowReloadCallbacks	Action	CALLBACK	1	0	delegate slot -- Option<Box<dyn FnMut>>
PeripheralRegister	tags	Tag>	UNKNOWN	5	0	static: `Tag>` not classified
PeripheralRegister	writeCallbacks	Action	CALLBACK	2	0	delegate slot -- Option<Box<dyn FnMut>>
ReceiveFifoRegister	FifoFull	bool	VALUE	3	2	primitive
ReceiveFifoRegister	FifoMessagesPending	uint	VALUE	0	0	primitive
ReceiveFifoRegister	FifoOverrun	bool	VALUE	3	3	primitive
ReceiveFifoRegister	RxFifo	CANMessage>	UNKNOWN	10	1	static: `CANMessage>` not classified
ReceiveFifoRegister	UpdateInterruptLine	UpdateInterruptLine	UNKNOWN	6	2	static: `UpdateInterruptLine` not classified
RegisterField	FieldMode	FieldMode	VALUE	4	1	enum or struct -- copied, not referenced
RegisterField	Name	string	VALUE	2	1	primitive
RegisterField	Position	int	VALUE	30	1	primitive
RegisterField	Width	int	VALUE	33	1	primitive
RegisterField	parent	PeripheralRegister	SHARED	4	1	static: 1 writes, 4 reads
RegisterSelector	conditionalRegisters	ConditionalRegister>	UNKNOWN	10	1	static: `ConditionalRegister>` not classified
STM32Config	ConfigurableInitialValue	bool	VALUE	1	0	primitive
STM32Config	ConfigurablePoly	bool	VALUE	0	0	primitive
STM32Config	HasPolySizeBits	bool	VALUE	1	0	primitive
STM32Config	IndependentDataWidth	IndependentDataWidth	VALUE	4	0	enum or struct -- copied, not referenced
STM32Config	ReversibleIO	bool	VALUE	1	0	primitive
STM32DMA	engine	DmaEngine	UNKNOWN	1	1	static: `DmaEngine` not classified
STM32DMA	streams	Stream	SHARED	6	1	static: 1 writes, 6 reads
STM32DMA	transferCompleteIrqStatus	IFlagRegisterField	ARENA	6	1	register handle -- D2 makes it a typed arena index
STM32F1_I2C	acknowledgeFailure	IFlagRegisterField	ARENA	4	0	register handle -- D2 makes it a typed arena index
STM32F1_I2C	address	int	VALUE	6	3	primitive
STM32F1_I2C	addressSent	IFlagRegisterField	ARENA	5	0	register handle -- D2 makes it a typed arena index
STM32F1_I2C	bufferInterruptEnable	IFlagRegisterField	ARENA	2	0	register handle -- D2 makes it a typed arena index
STM32F1_I2C	byteTransferFinished	IFlagRegisterField	ARENA	12	0	register handle -- D2 makes it a typed arena index
STM32F1_I2C	child	II2CPeripheral	BACKREF	7	2	static: interface-typed, implementation outside cut
STM32F1_I2C	data	Queue	VALUE	16	0	static: maps to std::collections::VecDeque<u8>
STM32F1_I2C	dataDirection	Direction>	UNKNOWN	7	0	static: `Direction>` not classified
STM32F1_I2C	dataState	DataState	VALUE	10	9	enum or struct -- copied, not referenced
STM32F1_I2C	errorInterruptEnabled	IFlagRegisterField	ARENA	2	0	register handle -- D2 makes it a typed arena index
STM32F1_I2C	eventInterruptEnable	IFlagRegisterField	ARENA	2	0	register handle -- D2 makes it a typed arena index
STM32F1_I2C	frequency	IValueRegisterField	ARENA	3	0	register handle -- D2 makes it a typed arena index
STM32F1_I2C	mode	Mode>	UNKNOWN	5	0	static: `Mode>` not classified
STM32F1_I2C	peripheralEnable	IFlagRegisterField	ARENA	2	0	register handle -- D2 makes it a typed arena index
STM32F1_I2C	rxDataNotEmpty	IFlagRegisterField	ARENA	7	0	register handle -- D2 makes it a typed arena index
STM32F1_I2C	scheduledAction	Action	CALLBACK	1	1	delegate slot -- Option<Box<dyn FnMut>>
STM32F1_I2C	start	IFlagRegisterField	ARENA	5	0	register handle -- D2 makes it a typed arena index
STM32F1_I2C	startBit	IFlagRegisterField	ARENA	5	0	register handle -- D2 makes it a typed arena index
STM32F1_I2C	stop	IFlagRegisterField	ARENA	6	0	register handle -- D2 makes it a typed arena index
STM32F1_I2C	txDataEmpty	IFlagRegisterField	ARENA	9	0	register handle -- D2 makes it a typed arena index
STM32F1_I2C	updateLock	object	VALUE	7	0	primitive
STM32F4_EXTI	core	STM32_EXTICore	UNKNOWN	7	1	static: `STM32_EXTICore` not classified
STM32F4_EXTI	numberOfLinesMask	ulong	VALUE	2	1	primitive
STM32F4_EXTI	softwareInterrupt	ulong	VALUE	1	2	primitive
STM32F4_FlashController	controlLock	LockRegister	UNKNOWN	6	1	static: `LockRegister` not classified
STM32F4_FlashController	flash	MappedMemory	SHARED	1	1	static: 1 writes, 1 reads
STM32F4_FlashController	optionBytesRegisters	DoubleWordRegisterCollection	ARENA	3	1	the bank itself; elided, see register_collection
STM32F4_FlashController	optionControlLock	LockRegister	UNKNOWN	6	1	static: `LockRegister` not classified
STM32F4_FlashController	readProtectionOptionBytes	IValueRegisterField	ARENA	2	0	register handle -- D2 makes it a typed arena index
STM32F4_FlashController	readProtectionRegister	IValueRegisterField	ARENA	2	0	register handle -- D2 makes it a typed arena index
STM32F4_FlashController	writeProtectionOptionBytes	IValueRegisterField	ARENA	2	0	register handle -- D2 makes it a typed arena index
STM32F4_FlashController	writeProtectionRegister	IValueRegisterField	ARENA	2	0	register handle -- D2 makes it a typed arena index
STM32F4_RTC	AMPMFormat	bool	VALUE	5	2	primitive
STM32F4_RTC	alarmA	AlarmConfig	SHARED	28	1	static: 1 writes, 28 reads
STM32F4_RTC	alarmB	AlarmConfig	SHARED	28	1	static: 1 writes, 28 reads
STM32F4_RTC	fastTicker	LimitTimer	UNKNOWN	5	1	static: `LimitTimer` not classified
STM32F4_RTC	firstStageUnlocked	bool	VALUE	2	4	primitive
STM32F4_RTC	initMode	bool	VALUE	2	2	primitive
STM32F4_RTC	mainTimer	TimerConfig	SHARED	28	1	static: 1 writes, 28 reads
STM32F4_RTC	predivA	IValueRegisterField	ARENA	2	0	register handle -- D2 makes it a typed arena index
STM32F4_RTC	predivS	IValueRegisterField	ARENA	2	0	register handle -- D2 makes it a typed arena index
STM32F4_RTC	registers	DoubleWordRegisterCollection	ARENA	3	1	the bank itself; elided, see register_collection
STM32F4_RTC	registersUnlocked	bool	VALUE	1	3	primitive
STM32F4_RTC	ticker	LimitTimer	UNKNOWN	10	1	static: `LimitTimer` not classified
STM32F4_RTC	wakeupAutoReload	IValueRegisterField	ARENA	2	0	register handle -- D2 makes it a typed arena index
STM32F4_RTC	wakeupClockSelection	IValueRegisterField	ARENA	2	0	register handle -- D2 makes it a typed arena index
STM32F4_RTC	wakeupTimer	LimitTimer	UNKNOWN	13	1	static: `LimitTimer` not classified
STM32F4_RTC	wakeupTimerFlag	IFlagRegisterField	ARENA	3	0	register handle -- D2 makes it a typed arena index
STM32SPI	errorInterruptEnable	IFlagRegisterField	ARENA	2	0	register handle -- D2 makes it a typed arena index
STM32SPI	fifoReceptionThreshold	IFlagRegisterField	ARENA	2	0	register handle -- D2 makes it a typed arena index
STM32SPI	masterMode	IFlagRegisterField	ARENA	2	0	register handle -- D2 makes it a typed arena index
STM32SPI	overrun	IFlagRegisterField	ARENA	4	0	register handle -- D2 makes it a typed arena index
STM32SPI	receiveBuffer	CircularBuffer	UNKNOWN	13	1	static: `CircularBuffer` not classified
STM32SPI	registers	DoubleWordRegisterCollection	ARENA	12	1	the bank itself; elided, see register_collection
STM32SPI	rxBufferNotEmptyInterruptEnable	IFlagRegisterField	ARENA	2	0	register handle -- D2 makes it a typed arena index
STM32SPI	rxDmaEnable	IFlagRegisterField	ARENA	2	0	register handle -- D2 makes it a typed arena index
STM32SPI	series	STM32Series	UNKNOWN	3	1	static: `STM32Series` not classified
STM32SPI	txBufferEmptyInterruptEnable	IFlagRegisterField	ARENA	2	0	register handle -- D2 makes it a typed arena index
STM32SPI	txDmaEnable	IFlagRegisterField	ARENA	3	0	register handle -- D2 makes it a typed arena index
STM32_ADC	adcData	uint	VALUE	2	1	primitive
STM32_ADC	adcOn	IFlagRegisterField	ARENA	2	0	register handle -- D2 makes it a typed arena index
STM32_ADC	channels	ADCChannel	UNKNOWN	5	1	static: `ADCChannel` not classified
STM32_ADC	continuousConversion	IFlagRegisterField	ARENA	2	0	register handle -- D2 makes it a typed arena index
STM32_ADC	currentChannel	ADCChannel	UNKNOWN	2	2	static: `ADCChannel` not classified
STM32_ADC	currentChannelIdx	uint	VALUE	6	1	primitive
STM32_ADC	dmaEnabled	IFlagRegisterField	ARENA	2	0	register handle -- D2 makes it a typed arena index
STM32_ADC	dmaIssueRequest	IFlagRegisterField	ARENA	2	0	register handle -- D2 makes it a typed arena index
STM32_ADC	endOfConversion	IFlagRegisterField	ARENA	4	0	register handle -- D2 makes it a typed arena index
STM32_ADC	endOfConversionSelect	IFlagRegisterField	ARENA	2	0	register handle -- D2 makes it a typed arena index
STM32_ADC	eocInterruptEnable	IFlagRegisterField	ARENA	2	0	register handle -- D2 makes it a typed arena index
STM32_ADC	regularSequence	IValueRegisterField	ARENA	18	0	register handle -- D2 makes it a typed arena index
STM32_ADC	regularSequenceLen	uint	VALUE	3	1	primitive
STM32_ADC	samplingTimer	LimitTimer	UNKNOWN	3	1	static: `LimitTimer` not classified
STM32_ADC	scanMode	IFlagRegisterField	ARENA	3	0	register handle -- D2 makes it a typed arena index
STM32_CRC	configurableInitialValue	bool	VALUE	1	1	primitive
STM32_CRC	configurablePoly	bool	VALUE	0	1	primitive
STM32_CRC	crc	CRCEngine	UNKNOWN	5	1	static: `CRCEngine` not classified
STM32_CRC	crcConfigDirty	bool	VALUE	1	3	primitive
STM32_CRC	initialValue	IValueRegisterField	ARENA	2	0	register handle -- D2 makes it a typed arena index
STM32_CRC	polySize	PolySize>	UNKNOWN	2	0	static: `PolySize>` not classified
STM32_CRC	polynomial	IValueRegisterField	ARENA	2	0	register handle -- D2 makes it a typed arena index
STM32_CRC	registers	DoubleWordRegisterCollection	ARENA	5	1	the bank itself; elided, see register_collection
STM32_CRC	reverseInputData	BitReversal>	UNKNOWN	4	0	static: `BitReversal>` not classified
STM32_CRC	reverseOutputData	IFlagRegisterField	ARENA	2	0	register handle -- D2 makes it a typed arena index
STM32_CRC	setupConfig	STM32Config>	UNKNOWN	1	0	static: `STM32Config>` not classified
STM32_GPIOPort	alternateFunctionOutputs	GPIOAlternateFunction	SHARED	8	1	static: 1 writes, 8 reads
STM32_GPIOPort	invertedAFPins	InvertedAFPin>	UNKNOWN	2	0	static: `InvertedAFPin>` not classified
STM32_GPIOPort	mode	Mode	VALUE	2	1	enum or struct -- copied, not referenced
STM32_GPIOPort	modeResetValue	uint	VALUE	1	1	primitive
STM32_GPIOPort	numberOfAFs	uint	VALUE	2	1	primitive
STM32_GPIOPort	outputSpeed	OutputSpeed	VALUE	3	1	enum or struct -- copied, not referenced
STM32_GPIOPort	outputSpeedResetValue	uint	VALUE	1	1	primitive
STM32_GPIOPort	pullUpPullDown	PullUpPullDown	VALUE	3	1	enum or struct -- copied, not referenced
STM32_GPIOPort	pullUpPullDownResetValue	uint	VALUE	1	1	primitive
STM32_GPIOPort	registers	DoubleWordRegisterCollection	ARENA	3	1	the bank itself; elided, see register_collection
STM32_IndependentWatchdog	defaultPrescaler	uint	VALUE	1	1	primitive
STM32_IndependentWatchdog	registersUnlocked	bool	VALUE	3	3	primitive
STM32_IndependentWatchdog	reloadValue	uint	VALUE	1	2	primitive
STM32_IndependentWatchdog	watchdogTimer	LimitTimer	UNKNOWN	6	1	static: `LimitTimer` not classified
STM32_IndependentWatchdog	window	uint	VALUE	1	2	primitive
STM32_IndependentWatchdog	windowEnabled	bool	VALUE	1	2	primitive
STM32_IndependentWatchdog	windowOption	bool	VALUE	1	1	primitive
STM32_PWR	odrdyValue	IFlagRegisterField	ARENA	2	0	register handle -- D2 makes it a typed arena index
STM32_PWR	odswenValue	IFlagRegisterField	ARENA	2	0	register handle -- D2 makes it a typed arena index
STM32_PWR	odswrdyValue	IFlagRegisterField	ARENA	2	0	register handle -- D2 makes it a typed arena index
STM32_PWR	vosValue	RegulatorVoltageScalingOutputSelection>	UNKNOWN	2	0	static: `RegulatorVoltageScalingOutputSelection>` not classified
STM32_PWR	vosrdyValue	IFlagRegisterField	ARENA	2	0	register handle -- D2 makes it a typed arena index
STM32_RNG	enable	IFlagRegisterField	ARENA	4	0	register handle -- D2 makes it a typed arena index
STM32_RNG	interruptEnable	IFlagRegisterField	ARENA	2	0	register handle -- D2 makes it a typed arena index
STM32_RNG	registers	DoubleWordRegisterCollection	ARENA	3	1	the bank itself; elided, see register_collection
STM32_RNG	rng	PseudorandomNumberGenerator	UNKNOWN	1	0	static: `PseudorandomNumberGenerator` not classified
STM32_RNG	series	STM32Series	UNKNOWN	0	1	static: `STM32Series` not classified
STM32_SYSCFG	extiMappings	IValueRegisterField	ARENA	2	0	register handle -- D2 makes it a typed arena index
STM32_SYSCFG	internalReceiversCache	InternalReceiver>	UNKNOWN	3	1	static: `InternalReceiver>` not classified
STM32_SYSCFG	registers	DoubleWordRegisterCollection	ARENA	3	1	the bank itself; elided, see register_collection
STM32_Timer	autoReloadPreloadEnable	IFlagRegisterField	ARENA	2	0	register handle -- D2 makes it a typed arena index
STM32_Timer	autoReloadValue	uint	VALUE	9	2	primitive
STM32_Timer	centerAlignedMode	CenterAlignedMode>	UNKNOWN	4	0	static: `CenterAlignedMode>` not classified
STM32_Timer	channels	CaptureCompareChannel	BACKREF	73	0	static: never written, 73 reads
STM32_Timer	connections	IGPIO>	BACKREF	1	1	static: interface-typed, implementation outside cut
STM32_Timer	enableRequested	bool	VALUE	6	3	primitive
STM32_Timer	initialLimit	uint	VALUE	2	1	primitive
STM32_Timer	machine	IMachine	SHARED	3	1	static: 1 writes, 3 reads
STM32_Timer	registers	DoubleWordRegisterCollection	ARENA	9	1	the bank itself; elided, see register_collection
STM32_Timer	repetitionCounter	IValueRegisterField	ARENA	3	0	register handle -- D2 makes it a typed arena index
STM32_Timer	repetitionsLeft	uint	VALUE	2	4	primitive
STM32_Timer	slaveModeSelection	SlaveModeSelection>	UNKNOWN	6	0	static: `SlaveModeSelection>` not classified
STM32_Timer	sysbus	IBusController	SHARED	3	1	static: 1 writes, 3 reads
STM32_Timer	timerCounterLengthInBits	int	VALUE	14	1	primitive
STM32_Timer	timerInput1Selection	IFlagRegisterField	ARENA	2	0	register handle -- D2 makes it a typed arena index
STM32_Timer	triggerInterruptEnable	IFlagRegisterField	ARENA	3	0	register handle -- D2 makes it a typed arena index
STM32_Timer	triggerInterruptFlag	IFlagRegisterField	ARENA	4	0	register handle -- D2 makes it a typed arena index
STM32_Timer	triggerSelection	TriggerSelection>	UNKNOWN	3	0	static: `TriggerSelection>` not classified
STM32_Timer	updateDisable	IFlagRegisterField	ARENA	3	0	register handle -- D2 makes it a typed arena index
STM32_Timer	updateInterruptEnable	IFlagRegisterField	ARENA	4	0	register handle -- D2 makes it a typed arena index
STM32_Timer	updateInterruptFlag	bool	VALUE	2	4	primitive
STM32_Timer	updateRequestSource	IFlagRegisterField	ARENA	2	0	register handle -- D2 makes it a typed arena index
STM32_UART	dividerFraction	IValueRegisterField	ARENA	3	0	register handle -- D2 makes it a typed arena index
STM32_UART	dividerMantissa	IValueRegisterField	ARENA	2	0	register handle -- D2 makes it a typed arena index
STM32_UART	dmaReceptionRequest	IFlagRegisterField	ARENA	2	0	register handle -- D2 makes it a typed arena index
STM32_UART	frequency	uint	VALUE	1	1	primitive
STM32_UART	idleLineDetected	IFlagRegisterField	ARENA	4	0	register handle -- D2 makes it a typed arena index
STM32_UART	idleLineDetectedCancellationTokenSrc	CancellationTokenSource	UNKNOWN	4	1	static: `CancellationTokenSource` not classified
STM32_UART	idleLineDetectedInterruptEnabled	IFlagRegisterField	ARENA	2	0	register handle -- D2 makes it a typed arena index
STM32_UART	oversamplingMode	OversamplingMode>	UNKNOWN	3	0	static: `OversamplingMode>` not classified
STM32_UART	parityControlEnabled	IFlagRegisterField	ARENA	2	0	register handle -- D2 makes it a typed arena index
STM32_UART	paritySelection	ParitySelection>	UNKNOWN	2	0	static: `ParitySelection>` not classified
STM32_UART	readFifoNotEmpty	IFlagRegisterField	ARENA	4	0	register handle -- D2 makes it a typed arena index
STM32_UART	receiveFifo	Queue	VALUE	5	0	static: maps to std::collections::VecDeque<u8>
STM32_UART	receiverEnabled	IFlagRegisterField	ARENA	3	0	register handle -- D2 makes it a typed arena index
STM32_UART	receiverNotEmptyInterruptEnabled	IFlagRegisterField	ARENA	2	0	register handle -- D2 makes it a typed arena index
STM32_UART	stopBits	StopBitsValues>	UNKNOWN	2	0	static: `StopBitsValues>` not classified
STM32_UART	transmissionComplete	IFlagRegisterField	ARENA	3	0	register handle -- D2 makes it a typed arena index
STM32_UART	transmissionCompleteInterruptEnabled	IFlagRegisterField	ARENA	2	0	register handle -- D2 makes it a typed arena index
STM32_UART	transmitDataRegisterEmptyInterruptEnabled	IFlagRegisterField	ARENA	2	0	register handle -- D2 makes it a typed arena index
STM32_UART	transmitterEnabled	IFlagRegisterField	ARENA	2	0	register handle -- D2 makes it a typed arena index
STM32_UART	usartEnabled	IFlagRegisterField	ARENA	4	0	register handle -- D2 makes it a typed arena index
STMCAN	FifoFiltersPrioritized	FilterBank>	UNKNOWN	6	1	static: `FilterBank>` not classified
STMCAN	FilterBanks	FilterBank	SHARED	18	2	static: 2 writes, 18 reads
STMCAN	RxFifo	CANMessage>	UNKNOWN	11	0	static: `CANMessage>` not classified
STMCAN	master	STMCAN	SHARED	1	1	static: 1 writes, 1 reads
STMCAN	registers	DeviceRegisters	SHARED	159	1	static: 1 writes, 159 reads
SecurityBanked	NonSecureVal	T	UNKNOWN	8	4	static: `T` not classified
SecurityBanked	SecureVal	T	UNKNOWN	6	4	static: `T` not classified
SharedSegment	disposed	bool	VALUE	1	1	primitive
SharedSegment	guid	Guid	UNKNOWN	2	2	static: `Guid` not classified
SharedSegment	mmf	MemoryMappedFile	UNKNOWN	1	2	static: `MemoryMappedFile` not classified
SharedSegment	mmva	MemoryMappedViewAccessor	UNKNOWN	3	2	static: `MemoryMappedViewAccessor` not classified
SharedSegment	sharedMemoryFileRoot	string	VALUE	3	1	primitive
Stream	dataOffset	ulong	VALUE	2	3	primitive
Stream	directMode	IFlagRegisterField	ARENA	2	0	register handle -- D2 makes it a typed arena index
Stream	direction	Direction>	UNKNOWN	7	0	static: `Direction>` not classified
Stream	fifoThreshold	FIFOThreshold>	UNKNOWN	2	0	static: `FIFOThreshold>` not classified
Stream	id	int	VALUE	3	1	primitive
Stream	isEnabled	IFlagRegisterField	ARENA	2	0	register handle -- D2 makes it a typed arena index
Stream	memory0Address	IValueRegisterField	ARENA	3	0	register handle -- D2 makes it a typed arena index
Stream	memoryDataSize	DataSize>	UNKNOWN	4	0	static: `DataSize>` not classified
Stream	memoryIncrementOffset	IFlagRegisterField	ARENA	4	0	register handle -- D2 makes it a typed arena index
Stream	nrOfData	IValueRegisterField	ARENA	6	0	register handle -- D2 makes it a typed arena index
Stream	parent	STM32DMA	SHARED	15	1	static: 1 writes, 15 reads
Stream	peripheralAddress	IValueRegisterField	ARENA	3	0	register handle -- D2 makes it a typed arena index
Stream	peripheralDataSize	DataSize>	UNKNOWN	4	0	static: `DataSize>` not classified
Stream	peripheralIncrementOffset	IFlagRegisterField	ARENA	4	0	register handle -- D2 makes it a typed arena index
Stream	transferCompleteIrqEnable	IFlagRegisterField	ARENA	2	0	register handle -- D2 makes it a typed arena index
SysTick	parent	NVIC	SHARED	3	1	static: 1 writes, 3 reads
SysTick	reloadValue	ulong	VALUE	4	2	primitive
SysTick	systick	LimitTimer	UNKNOWN	17	1	static: `LimitTimer` not classified
SysTick	systickEnabled	bool	VALUE	2	2	primitive
Tag	AllowedValue	ulong	VALUE	2	1	primitive
Tag	IsFlag	bool	VALUE	1	1	primitive
Tag	IsSilent	bool	VALUE	1	1	primitive
Tag	Name	string	VALUE	2	1	primitive
Tag	Position	int	VALUE	6	1	primitive
Tag	ResetValue	ulong	VALUE	2	1	primitive
Tag	Width	int	VALUE	5	1	primitive
TimeInterval	ticks	ulong	VALUE	41	1	primitive
TimerConfig	parent	STM32F4_RTC	SHARED	2	1	static: 1 writes, 2 reads
TimerConfig	pm	bool	VALUE	1	2	primitive
TimerConfig	timeState	DateTime	UNKNOWN	11	4	static: `DateTime` not classified
TransmitStatusRegister	RegValue	uint	VALUE	4	16	primitive
VariableLengthValue	fragments	Fragment>	UNKNOWN	12	1	static: `Fragment>` not classified
VariableLengthValue	sizeLimit	int	VALUE	4	1	primitive
